Year,Predicted Market Value
2026,278.90945
2027,278.90945
2028,278.90945
2029,278.90945
2030,278.90945
