year,linear_forecast,exponential_forecast,polynomial_forecast,ensemble_forecast,ci_lower,ci_upper
2026,126.57392857142986,201.49637305168386,157.86946426331997,161.97992196214457,107.77415951509224,145.37369762776748
2027,142.8995238095231,290.6978194820245,195.0587499719113,209.5520310878196,124.09975475318547,161.6992928658607
2028,159.22511904761632,419.3883044730423,236.42077378183603,271.67806576749825,140.4253499912787,178.02488810395394
2029,175.55071428571682,605.0494298242554,281.9555356875062,354.1852265991595,156.7509452293792,194.35048334205445
2030,191.87630952381005,872.9018158735705,331.66303569078445,465.48038702938834,173.07654046747243,210.67607858014767
